{
  "title": "The is Simple Schema for Get All Spartan response, it define required structure of how json Array object should look like",
  "type": "array",
  "items": {
    "type": "object",
    "required": [
      "id",
      "name",
      "gender",
      "phone"
    ],
    "properties": {
      "id": {
        "type": "integer"
      },
      "name": {
        "type": "string"
      },
      "gender": {
        "type": "string"
      },
      "phone": {
        "type": "integer"
      }
    }
  }
}